Model,Year, Mileage , Price , CompPrice ,Location, AgeScore , MileageScore , AgeScoreNorm , MileageScoreNorm , CombinedScore ,PriceToScore,VIN,ID,Notes,URL,Ignore?
Civic,2000,65824,3990,5424.4351,Burien, 32.42 , 51.22 , 0.32 , 0.15 , 0.18 , 0.74 ,2HGEJ6673YH532121,,stick shift,http://www.autotrader.com/cars-for-sale/vehicledetails.xhtml?zip=98125&endYear=2014&listingType=used&listingTypes=used&sellerTypes=b&maxPrice=4000&mmt=%5BHONDA%5BCIVIC%5B%5DACCORD%5B%5D%5D%5B%5D%5D&modelCode1=CIVIC&makeCode2=HONDA&modelCode2=ACCORD&sortBy=mileageASC&showcaseOwnerId=575701&makeCode1=HONDA&startYear=1981&searchRadius=75&listingId=319431689&listingIndex=11&Log=0,Y
Sonata,2005,82000,3500,4977.692164,Aberdeen, 15.25 , 72.80 , 0.15 , 0.21 , 0.20 , 0.70 ,,,Heck of a drive to see it,http://seattle.craigslist.org/oly/cto/3505444331.html,Y
Elantra,2004,86054,4999,4528.82418,Sumner, 18.38 , 78.64 , 0.18 , 0.23 , 0.22 , 1.10 ,KMHDN46D34U915598,,Accident on Nov 2005. Manual,http://www.autotrader.com/cars-for-sale/vehicledetails.xhtml?zip=98125&endYear=2014&listingType=used&listingTypes=used&sellerTypes=b&maxPrice=5000&mmt=%5BHYUND%5BELANTR%5B%5DELANTOUR%5B%5DSONATA%5B%5D%5D%5B%5D%5D&modelCode1=ELANTR&sortBy=mileageASC&makeCode2=HYUND&modelCode2=ELANTOUR&showcaseOwnerId=100019686&startYear=1981&makeCode1=HYUND&modelCode3=SONATA&numRecords=50&searchRadius=75&makeCode3=HYUND&minPrice=4000&listingId=336156122&listingIndex=5&Log=0,Y
Elantra,2003,87783,4995,4286.300524,Everett, 21.67 , 81.18 , 0.21 , 0.24 , 0.23 , 1.17 ,KMHDN45D03U540091,,Manual,http://www.autotrader.com/cars-for-sale/vehicledetails.xhtml?zip=98125&endYear=2014&listingType=used&listingTypes=used&sellerTypes=b&maxPrice=5000&mmt=%5BHYUND%5BELANTR%5B%5DELANTOUR%5B%5DSONATA%5B%5D%5D%5B%5D%5D&modelCode1=ELANTR&sortBy=mileageASC&makeCode2=HYUND&modelCode2=ELANTOUR&showcaseOwnerId=100019686&startYear=1981&makeCode1=HYUND&modelCode3=SONATA&numRecords=50&searchRadius=75&makeCode3=HYUND&minPrice=4000&listingId=328275744&listingIndex=6&Log=0,Y
Sonata,2004,90935,4485,4204.802581,Lynnwood, 18.38 , 85.90 , 0.18 , 0.25 , 0.24 , 1.07 ,KMHWF25S54A968847,,AutoCheck reports minor damage to rear-left. Well maintained. Lease. Manual,http://www.autotrader.com/cars-for-sale/vehicledetails.xhtml?zip=98125&endYear=2014&listingType=used&listingTypes=used&sellerTypes=b&maxPrice=5000&mmt=%5BHYUND%5BELANTR%5B%5DELANTOUR%5B%5DSONATA%5B%5D%5D%5B%5D%5D&modelCode1=ELANTR&sortBy=mileageASC&makeCode2=HYUND&modelCode2=ELANTOUR&showcaseOwnerId=100019686&startYear=1981&makeCode1=HYUND&modelCode3=SONATA&numRecords=50&searchRadius=75&makeCode3=HYUND&minPrice=4000&listingId=336692010&listingIndex=1&Log=0,Y
Elantra,2003,90000,3900,4148.500153,Bellevue, 21.67 , 84.49 , 0.21 , 0.25 , 0.24 , 0.94 ,,A,Minor accident. Needs mechanic to check out. Sent email.,http://seattle.craigslist.org/est/cto/3503234146.html,
Accord,1995,72000,3400,4110.706495,Seattle, 52.80 , 59.12 , 0.52 , 0.17 , 0.24 , 0.83 ,,,2-door coupe,http://seattle.craigslist.org/see/cto/3486555475.html,Y
Sonata,2001,90000,2700,3921.785501,Lakewood, 28.70 , 84.49 , 0.28 , 0.25 , 0.25 , 0.69 ,,,manual,http://seattle.craigslist.org/tac/cto/3445685323.html,Y
Elantra,2004,96977,4997,3851.243806,Everett, 18.38 , 95.21 , 0.18 , 0.28 , 0.26 , 1.30 ,KMHDN46D04U790270,,Manual,http://www.autotrader.com/cars-for-sale/vehicledetails.xhtml?zip=98125&endYear=2014&listingType=used&listingTypes=used&sellerTypes=b&maxPrice=5000&mmt=%5BHYUND%5BELANTR%5B%5DELANTOUR%5B%5DSONATA%5B%5D%5D%5B%5D%5D&modelCode1=ELANTR&sortBy=mileageASC&makeCode2=HYUND&modelCode2=ELANTOUR&showcaseOwnerId=100019686&startYear=1981&makeCode1=HYUND&modelCode3=SONATA&numRecords=50&searchRadius=75&makeCode3=HYUND&minPrice=4000&listingId=331172894&listingIndex=7&Log=0,Y
Sonata,2004,98376,3990,3775.991396,Olympia, 18.38 , 97.41 , 0.18 , 0.29 , 0.26 , 1.06 ,KMHWF25S54A091857,,Lien reported. No maintenance records. Check by mechanic. It's a manual,http://www.autotrader.com/cars-for-sale/vehicledetails.xhtml?zip=98125&endYear=2014&listingType=used&listingTypes=used&sellerTypes=b&maxPrice=4000&mmt=%5BHYUND%5BELANTR%5B%5DELANTOUR%5B%5DSONATA%5B%5D%5D%5B%5D%5D&modelCode1=ELANTR&sortBy=mileageASC&makeCode2=HYUND&modelCode2=ELANTOUR&showcaseOwnerId=100019686&startYear=1981&makeCode1=HYUND&modelCode3=SONATA&makeCode3=HYUND&searchRadius=75&listingId=337000719&listingIndex=1&Log=0,Y
Corolla,2000,91223,4999,3749.800709,Lynnwood, 32.42 , 86.33 , 0.32 , 0.25 , 0.27 , 1.33 ,1NXBR12E8YZ407559,D,,http://seattle.craigslist.org/sno/ctd/3476508209.html,
Elantra,2004,106810,4895,3367.476437,Kent, 18.38 , 111.12 , 0.18 , 0.33 , 0.30 , 1.45 ,KMHDN46D84U713968,M,,http://www.autotrader.com/cars-for-sale/vehicledetails.xhtml?zip=98125&endYear=2014&listingType=used&listingTypes=used&sellerTypes=b&maxPrice=5000&mmt=%5BHYUND%5BELANTR%5B%5DELANTOUR%5B%5DSONATA%5B%5D%5D%5B%5D%5D&modelCode1=ELANTR&sortBy=mileageASC&makeCode2=HYUND&modelCode2=ELANTOUR&showcaseOwnerId=100019686&startYear=1981&makeCode1=HYUND&modelCode3=SONATA&numRecords=50&searchRadius=75&makeCode3=HYUND&minPrice=4000&listingId=334711832&listingIndex=8&Log=0,
Civic,1995,91251,3995,3255.550978,Lynnwood, 52.80 , 86.37 , 0.52 , 0.25 , 0.31 , 1.23 ,2HGEJ1136SH520320,,2-door coupe,http://www.autotrader.com/cars-for-sale/vehicledetails.xhtml?zip=98125&endYear=2014&listingType=used&listingTypes=used&sellerTypes=b&maxPrice=4000&mmt=%5BHONDA%5BCIVIC%5B%5DACCORD%5B%5D%5D%5B%5D%5D&modelCode1=CIVIC&makeCode2=HONDA&modelCode2=ACCORD&sortBy=mileageASC&showcaseOwnerId=575701&makeCode1=HONDA&startYear=1981&searchRadius=75&listingId=334845502&listingIndex=12&Log=0,Y
Civic,2003,108765,4991,3213.77566,Burien, 21.67 , 114.39 , 0.21 , 0.34 , 0.31 , 1.55 ,1HGEM21553L006056,,2-door coupe,http://www.autotrader.com/cars-for-sale/vehicledetails.xhtml?zip=98125&endYear=2014&listingType=used&listingTypes=used&sellerTypes=b&maxPrice=5000&mmt=%5BHONDA%5BACCORD%5B%5DCIVIC%5B%5D%5D%5B%5D%5D&modelCode1=ACCORD&sortBy=mileageASC&makeCode2=HONDA&modelCode2=CIVIC&showcaseOwnerId=575701&startYear=1981&makeCode1=HONDA&numRecords=50&searchRadius=75&minPrice=4000&listingId=337042555&listingIndex=10&Log=0,Y
Civic,1998,100420,4988,3166.694583,Seattle, 40.23 , 100.67 , 0.40 , 0.30 , 0.32 , 1.58 ,2HGEJ854XWH529426,S,Manual,http://www.autotrader.com/cars-for-sale/vehicledetails.xhtml?zip=98125&endYear=2014&listingType=used&listingTypes=used&sellerTypes=b&maxPrice=5000&mmt=%5BHONDA%5BACCORD%5B%5DCIVIC%5B%5D%5D%5B%5D%5D&modelCode1=ACCORD&sortBy=mileageASC&makeCode2=HONDA&modelCode2=CIVIC&showcaseOwnerId=575701&startYear=1981&makeCode1=HONDA&numRecords=50&searchRadius=75&minPrice=4000&listingId=333975624&listingIndex=37&Log=0,Y
Sonata,2003,111180,4990,3117.674344,Tacoma, 21.67 , 118.48 , 0.21 , 0.35 , 0.32 , 1.60 ,KMHWF25S23A897850,,,http://www.autotrader.com/cars-for-sale/vehicledetails.xhtml?zip=98125&endYear=2014&listingType=used&listingTypes=used&sellerTypes=b&maxPrice=5000&mmt=%5BHYUND%5BELANTR%5B%5DELANTOUR%5B%5DSONATA%5B%5D%5D%5B%5D%5D&modelCode1=ELANTR&sortBy=mileageASC&makeCode2=HYUND&modelCode2=ELANTOUR&showcaseOwnerId=100019686&startYear=1981&makeCode1=HYUND&modelCode3=SONATA&numRecords=50&searchRadius=75&makeCode3=HYUND&minPrice=4000&listingId=329474688&listingIndex=9&Log=0,Y
Accord,1993,92205,4999,3046.930317,Lynnwood, 61.70 , 87.82 , 0.61 , 0.26 , 0.33 , 1.64 ,1HGCB7555PA140488,,,http://www.autotrader.com/cars-for-sale/vehicledetails.xhtml?zip=98125&endYear=2014&listingType=used&listingTypes=used&sellerTypes=b&maxPrice=5000&mmt=%5BHONDA%5BACCORD%5B%5DCIVIC%5B%5D%5D%5B%5D%5D&modelCode1=ACCORD&sortBy=mileageASC&makeCode2=HONDA&modelCode2=CIVIC&showcaseOwnerId=575701&startYear=1981&makeCode1=HONDA&numRecords=50&searchRadius=75&minPrice=4000&listingId=330470621&listingIndex=7&Log=0,Y
Camry,1995,99153,4995,2976.653228,Woodinville, 52.80 , 98.65 , 0.52 , 0.29 , 0.34 , 1.68 ,4T1SK12E6SU648693,,,http://www.autotrader.com/cars-for-sale/vehicledetails.xhtml?endYear=2014&zip=98125&listingType=used&listingTypes=used&sellerTypes=b&maxPrice=5000&showcaseListingId=335752400&mmt=%5BTOYOTA%5BCAMRY%5B%5D%5D%5B%5D%5D&modelCode1=CAMRY&sortBy=mileageASC&showcaseOwnerId=599690&makeCode1=TOYOTA&startYear=1981&numRecords=50&searchRadius=75&listingId=330836715&listingIndex=1&Log=0,Y
Sonata,2004,116599,4599,2974.422526,Auburn, 18.38 , 127.85 , 0.18 , 0.37 , 0.34 , 1.55 ,KMHWF25S24A057259,P,Manual,http://www.autotrader.com/cars-for-sale/vehicledetails.xhtml?zip=98125&endYear=2014&listingType=used&listingTypes=used&sellerTypes=b&maxPrice=5000&mmt=%5BHYUND%5BELANTR%5B%5DELANTOUR%5B%5DSONATA%5B%5D%5D%5B%5D%5D&modelCode1=ELANTR&sortBy=mileageASC&makeCode2=HYUND&modelCode2=ELANTOUR&showcaseOwnerId=100019686&startYear=1981&makeCode1=HYUND&modelCode3=SONATA&numRecords=50&searchRadius=75&makeCode3=HYUND&minPrice=4000&listingId=324203916&listingIndex=10&Log=0,Y
Civic,1998,106183,5000,2960.05987,Shoreline, 40.23 , 110.07 , 0.40 , 0.32 , 0.34 , 1.69 ,2HGEJ6676WH626975,Y,,http://www.autotrader.com/cars-for-sale/vehicledetails.xhtml?zip=98125&endYear=2014&listingType=used&listingTypes=used&sellerTypes=b&maxPrice=5000&mmt=%5BHONDA%5BACCORD%5B%5DCIVIC%5B%5D%5D%5B%5D%5D&modelCode1=ACCORD&sortBy=mileageASC&makeCode2=HONDA&modelCode2=CIVIC&showcaseOwnerId=575701&startYear=1981&makeCode1=HONDA&numRecords=50&searchRadius=75&minPrice=4000&listingId=336494891&listingIndex=1&Log=0,
Elantra,2002,114332,3990,2938.69178,Burien, 25.12 , 123.90 , 0.25 , 0.36 , 0.34 , 1.36 ,KMHDN55D72U066757,F,manual,http://www.autotrader.com/cars-for-sale/vehicledetails.xhtml?zip=98125&endYear=2014&listingType=used&listingTypes=used&sellerTypes=b&maxPrice=4000&mmt=%5BHYUND%5BELANTR%5B%5DELANTOUR%5B%5DSONATA%5B%5D%5D%5B%5D%5D&modelCode1=ELANTR&sortBy=mileageASC&makeCode2=HYUND&modelCode2=ELANTOUR&showcaseOwnerId=100019686&startYear=1981&makeCode1=HYUND&modelCode3=SONATA&makeCode3=HYUND&searchRadius=75&listingId=324702484&listingIndex=8&Log=0,Y
Civic,1998,108230,4595,2891.53081,Seattle, 40.23 , 113.49 , 0.40 , 0.33 , 0.35 , 1.59 ,1HGEJ8242WL133255,T,2-door coupe,http://www.autotrader.com/cars-for-sale/vehicledetails.xhtml?zip=98125&endYear=2014&listingType=used&listingTypes=used&sellerTypes=b&maxPrice=5000&mmt=%5BHONDA%5BACCORD%5B%5DCIVIC%5B%5D%5D%5B%5D%5D&modelCode1=ACCORD&sortBy=mileageASC&makeCode2=HONDA&modelCode2=CIVIC&showcaseOwnerId=575701&startYear=1981&makeCode1=HONDA&numRecords=50&searchRadius=75&minPrice=4000&listingId=334749322&listingIndex=9&Log=0,Y
Corolla,1998,109000,4450,2866.372448,Gig Harbor, 40.23 , 114.78 , 0.40 , 0.34 , 0.35 , 1.55 ,,Q,,http://seattle.craigslist.org/tac/ctd/3507363737.html,
Camry,1998,110000,5000,2834.190868,Roy, 40.23 , 116.47 , 0.40 , 0.34 , 0.35 , 1.76 ,,,,http://seattle.craigslist.org/tac/cto/3504432103.html,Y
Sonata,2005,122400,3990,2823.226763,Lynnwood, 15.25 , 138.18 , 0.15 , 0.40 , 0.35 , 1.41 ,KMHWF25S55A154781,K,Seller removed,http://www.autotrader.com/cars-for-sale/vehicledetails.xhtml?zip=98125&endYear=2014&listingType=used&listingTypes=used&sellerTypes=b&maxPrice=4000&mmt=%5BHYUND%5BELANTR%5B%5DELANTOUR%5B%5DSONATA%5B%5D%5D%5B%5D%5D&modelCode1=ELANTR&sortBy=mileageASC&makeCode2=HYUND&modelCode2=ELANTOUR&showcaseOwnerId=100019686&startYear=1981&makeCode1=HYUND&modelCode3=SONATA&makeCode3=HYUND&searchRadius=75&listingId=334586300&listingIndex=2&Log=0,Y
Elantra,2004,121063,4995,2818.709,Everett, 18.38 , 135.77 , 0.18 , 0.40 , 0.35 , 1.77 ,KMHDN46D04U801350,BB,,http://www.autotrader.com/cars-for-sale/vehicledetails.xhtml?zip=98125&endYear=2014&listingType=used&listingTypes=used&sellerTypes=b&maxPrice=5000&mmt=%5BHYUND%5BELANTR%5B%5DELANTOUR%5B%5DSONATA%5B%5D%5D%5B%5D%5D&modelCode1=ELANTR&sortBy=mileageASC&makeCode2=HYUND&modelCode2=ELANTOUR&showcaseOwnerId=100019686&startYear=1981&makeCode1=HYUND&modelCode3=SONATA&numRecords=50&searchRadius=75&makeCode3=HYUND&minPrice=4000&listingId=329190387&listingIndex=12&Log=0,
Accord,1993,101316,3995,2764.670051,Everett, 61.70 , 102.11 , 0.61 , 0.30 , 0.36 , 1.45 ,1HGCB7676PA071892,,Sunroof,http://www.autotrader.com/cars-for-sale/vehicledetails.xhtml?zip=98125&endYear=2014&listingType=used&listingTypes=used&sellerTypes=b&maxPrice=4000&mmt=%5BHONDA%5BCIVIC%5B%5DACCORD%5B%5D%5D%5B%5D%5D&modelCode1=CIVIC&makeCode2=HONDA&modelCode2=ACCORD&sortBy=mileageASC&showcaseOwnerId=575701&makeCode1=HONDA&startYear=1981&searchRadius=75&listingId=329667671&listingIndex=13&Log=0,Y
Civic,1995,107993,4995,2704.062518,Lynnwood, 52.80 , 113.09 , 0.52 , 0.33 , 0.37 , 1.85 ,JHMEG8640SS022161,DD,,http://www.autotrader.com/cars-for-sale/vehicledetails.xhtml?zip=98125&endYear=2014&listingType=used&listingTypes=used&sellerTypes=b&maxPrice=5000&mmt=%5BHONDA%5BACCORD%5B%5DCIVIC%5B%5D%5D%5B%5D%5D&modelCode1=ACCORD&sortBy=mileageASC&makeCode2=HONDA&modelCode2=CIVIC&showcaseOwnerId=575701&startYear=1981&makeCode1=HONDA&numRecords=50&searchRadius=75&minPrice=4000&listingId=333351979&listingIndex=8&Log=0,
Civic,1998,114290,4500,2702.165481,Seattle, 40.23 , 123.83 , 0.40 , 0.36 , 0.37 , 1.67 ,2HGEJ652XWH502746,,manual,http://www.autotrader.com/cars-for-sale/vehicledetails.xhtml?zip=98125&endYear=2014&listingType=used&listingTypes=used&sellerTypes=b&maxPrice=5000&mmt=%5BHONDA%5BACCORD%5B%5DCIVIC%5B%5D%5D%5B%5D%5D&modelCode1=ACCORD&sortBy=mileageASC&makeCode2=HONDA&modelCode2=CIVIC&showcaseOwnerId=575701&startYear=1981&makeCode1=HONDA&numRecords=50&searchRadius=75&minPrice=4000&listingId=335239682&listingIndex=11&Log=0,Y
Elantra,2000,120000,3795,2644.468579,Bellevue, 32.42 , 133.87 , 0.32 , 0.39 , 0.38 , 1.44 ,,L,,http://seattle.craigslist.org/skc/cto/3506730551.html,
Elantra,2001,121763,3488,2644.186589,Port Orchard, 28.70 , 137.03 , 0.28 , 0.40 , 0.38 , 1.32 ,KMHDN45DX1U142593,C,,http://www.autotrader.com/cars-for-sale/vehicledetails.xhtml?zip=98125&endYear=2014&listingType=used&listingTypes=used&sellerTypes=b&maxPrice=4000&mmt=%5BHYUND%5BELANTR%5B%5DELANTOUR%5B%5DSONATA%5B%5D%5D%5B%5D%5D&modelCode1=ELANTR&sortBy=mileageASC&makeCode2=HYUND&modelCode2=ELANTOUR&showcaseOwnerId=100019686&startYear=1981&makeCode1=HYUND&modelCode3=SONATA&makeCode3=HYUND&searchRadius=75&listingId=333396174&listingIndex=10&Log=0,
Corolla,1995,111000,2500,2619.683705,Tacoma, 52.80 , 118.17 , 0.52 , 0.35 , 0.38 , 0.95 ,,,from a liquidator,http://seattle.craigslist.org/see/ctd/3507239866.html,Y
Accord,1993,107126,3995,2603.831731,Lynnwood, 61.70 , 111.64 , 0.61 , 0.33 , 0.38 , 1.53 ,1HGCB7557PA025780,,,http://www.autotrader.com/cars-for-sale/vehicledetails.xhtml?zip=98125&endYear=2014&listingType=used&listingTypes=used&sellerTypes=b&maxPrice=4000&mmt=%5BHONDA%5BCIVIC%5B%5DACCORD%5B%5D%5D%5B%5D%5D&modelCode1=CIVIC&makeCode2=HONDA&modelCode2=ACCORD&sortBy=mileageASC&showcaseOwnerId=575701&makeCode1=HONDA&startYear=1981&searchRadius=75&listingId=335898545&listingIndex=1&Log=0,Y
Corolla,2000,121559,3200,2599.443178,West Seattle, 32.42 , 136.67 , 0.32 , 0.40 , 0.38 , 1.23 ,1NXBR12E4YZ415836,B,Test drive. Minor electrical gremlins. Great price. ,http://seattle.craigslist.org/see/cto/3493741523.html,
Camry,1999,120191,4995,2586.866512,Edmonds, 36.27 , 134.21 , 0.36 , 0.39 , 0.39 , 1.93 ,4T1BG22K0XU435999,,,http://www.autotrader.com/cars-for-sale/vehicledetails.xhtml?endYear=2014&zip=98125&listingType=used&listingTypes=used&sellerTypes=b&maxPrice=5000&showcaseListingId=335752400&mmt=%5BTOYOTA%5BCAMRY%5B%5D%5D%5B%5D%5D&modelCode1=CAMRY&sortBy=mileageASC&showcaseOwnerId=599690&makeCode1=TOYOTA&startYear=1981&numRecords=50&searchRadius=75&listingId=327194131&listingIndex=12&Log=0,Y
Elantra,1999,120456,4900,2579.454169,Tacoma, 36.27 , 134.69 , 0.36 , 0.39 , 0.39 , 1.90 ,KMHJF35F5XU780190,FF,,http://www.autotrader.com/cars-for-sale/vehicledetails.xhtml?zip=98125&endYear=2014&listingType=used&listingTypes=used&sellerTypes=b&maxPrice=5000&mmt=%5BHYUND%5BELANTR%5B%5DELANTOUR%5B%5DSONATA%5B%5D%5D%5B%5D%5D&modelCode1=ELANTR&sortBy=mileageASC&makeCode2=HYUND&modelCode2=ELANTOUR&showcaseOwnerId=100019686&startYear=1981&makeCode1=HYUND&modelCode3=SONATA&numRecords=50&searchRadius=75&makeCode3=HYUND&minPrice=4000&listingId=331652041&listingIndex=11&Log=0,
Corolla,2001,124000,3600,2579.417511,Burien, 28.70 , 141.08 , 0.28 , 0.41 , 0.39 , 1.40 ,,J,,http://seattle.craigslist.org/see/cto/3505614941.html,
Camry,2001,125624,4498,2533.934043,Tacoma, 28.70 , 144.05 , 0.28 , 0.42 , 0.39 , 1.78 ,,,,http://seattle.craigslist.org/tac/cto/3479465218.html,Y
Accord,1992,108000,2500,2521.564718,Tacoma, 66.29 , 113.10 , 0.66 , 0.33 , 0.40 , 0.99 ,,,,http://seattle.craigslist.org/tac/cto/3505137810.html,Y
Camry,1990,106000,2950,2453.861918,Marysville, 75.75 , 109.77 , 0.75 , 0.32 , 0.41 , 1.20 ,,,,http://seattle.craigslist.org/see/cto/3507434104.html,Y
Corolla,2000,126963,4950,2452.229871,Auburn, 32.42 , 146.52 , 0.32 , 0.43 , 0.41 , 2.02 ,1NXBR12E1YZ329108,LL,,http://www.autotrader.com/cars-for-sale/vehicledetails.xhtml?endYear=2014&zip=98125&listingType=used&listingTypes=used&sellerTypes=b&maxPrice=5000&mmt=%5BTOYOTA%5BCOROL%5B%5D%5D%5B%5D%5D&modelCode1=COROL&sortBy=mileageASC&showcaseOwnerId=599690&makeCode1=TOYOTA&startYear=1981&searchRadius=75&minPrice=4000&listingId=336952117&listingIndex=1&Log=0,
Elantra,2007,140000,3500,2377.849955,Tacoma, 9.52 , 171.32 , 0.09 , 0.50 , 0.42 , 1.47 ,,N,Manual,http://seattle.craigslist.org/see/cto/3500657142.html,Y
Sonata,2002,134000,3900,2356.923788,Seattle, 25.12 , 159.72 , 0.25 , 0.47 , 0.42 , 1.65 ,,,,http://seattle.craigslist.org/see/cto/3440992979.html,Y
Civic,1996,124000,3200,2342.323626,Lynnwood, 48.50 , 141.08 , 0.48 , 0.41 , 0.43 , 1.37 ,,H,Text sent. Carpet on left side is wet not sure why. Alignment?,http://seattle.craigslist.org/sno/cto/3507767649.html,Y
Elantra,2002,136309,3200,2300.648932,Redmond, 25.12 , 164.15 , 0.25 , 0.48 , 0.43 , 1.39 ,,I,,http://seattle.craigslist.org/est/cto/3504548311.html,
Sonata,2002,136804,5000,2288.8604,Shoreline, 25.12 , 165.10 , 0.25 , 0.48 , 0.44 , 2.18 ,KMHWF35H52A654610,,,http://www.autotrader.com/cars-for-sale/vehicledetails.xhtml?zip=98125&endYear=2014&listingType=used&listingTypes=used&sellerTypes=b&maxPrice=5000&mmt=%5BHYUND%5BELANTR%5B%5DELANTOUR%5B%5DSONATA%5B%5D%5D%5B%5D%5D&modelCode1=ELANTR&sortBy=mileageASC&makeCode2=HYUND&modelCode2=ELANTOUR&showcaseOwnerId=100019686&startYear=1981&makeCode1=HYUND&modelCode3=SONATA&numRecords=50&searchRadius=75&makeCode3=HYUND&minPrice=4000&listingId=335184723&listingIndex=2&Log=0,Y
Sonata,2006,143000,4999,2273.274166,Tacoma, 12.29 , 177.23 , 0.12 , 0.52 , 0.44 , 2.20 ,5NPEU46F56H037716,NN,,http://seattle.craigslist.org/tac/cto/3495085260.html,
Camry,1999,133000,4500,2262.861828,Burien, 36.27 , 157.82 , 0.36 , 0.46 , 0.44 , 1.99 ,,,,http://seattle.craigslist.org/skc/cto/3505231825.html,Y
Corolla,2001,136494,4000,2259.360811,Bremerton, 28.70 , 164.51 , 0.28 , 0.48 , 0.44 , 1.77 ,1NXBR12E41Z516719,AA,Accident on June 2004. Hit another car,http://www.autotrader.com/cars-for-sale/vehicledetails.xhtml?listingId=336712989,
Accord,1993,121699,3995,2255.762,Lynnwood, 61.70 , 136.92 , 0.61 , 0.40 , 0.44 , 1.77 ,1HGCB7249PA023833,,2-door coupe,http://www.autotrader.com/cars-for-sale/vehicledetails.xhtml?zip=98125&endYear=2014&listingType=used&listingTypes=used&sellerTypes=b&maxPrice=4000&mmt=%5BHONDA%5BCIVIC%5B%5DACCORD%5B%5D%5D%5B%5D%5D&modelCode1=CIVIC&makeCode2=HONDA&modelCode2=ACCORD&sortBy=mileageASC&showcaseOwnerId=575701&makeCode1=HONDA&startYear=1981&searchRadius=75&listingId=334267226&listingIndex=14&Log=0,Y
Elantra,2005,145000,3900,2197.331238,Enumclaw, 15.25 , 181.21 , 0.15 , 0.53 , 0.46 , 1.77 ,,,manual,http://seattle.craigslist.org/skc/cto/3502572825.html,Y
Elantra,1999,136318,3991,2189.148542,Bellevue, 36.27 , 164.17 , 0.36 , 0.48 , 0.46 , 1.82 ,KMHJW25F5XU125800,CC,Wagon,http://www.autotrader.com/cars-for-sale/vehicledetails.xhtml?zip=98125&endYear=2014&listingType=used&listingTypes=used&sellerTypes=b&maxPrice=4000&mmt=%5BHYUND%5BELANTR%5B%5DELANTOUR%5B%5DSONATA%5B%5D%5D%5B%5D%5D&modelCode1=ELANTR&sortBy=mileageASC&makeCode2=HYUND&modelCode2=ELANTOUR&showcaseOwnerId=100019686&startYear=1981&makeCode1=HYUND&modelCode3=SONATA&makeCode3=HYUND&searchRadius=75&listingId=335665759&listingIndex=11&Log=0,
Civic,1998,135000,3500,2179.977911,Skyway, 40.23 , 161.63 , 0.40 , 0.47 , 0.46 , 1.61 ,,U,,http://seattle.craigslist.org/see/cto/3505864143.html,
Camry,1997,133866,3990,2165.784608,Burien, 44.31 , 159.47 , 0.44 , 0.47 , 0.46 , 1.84 ,4T1BG22K8VU017817,,,http://www.autotrader.com/cars-for-sale/vehicledetails.xhtml?endYear=2014&zip=98125&listingType=used&listingTypes=used&sellerTypes=b&maxPrice=5000&showcaseListingId=335752400&mmt=%5BTOYOTA%5BCAMRY%5B%5D%5D%5B%5D%5D&modelCode1=CAMRY&sortBy=mileageASC&showcaseOwnerId=599690&makeCode1=TOYOTA&startYear=1981&numRecords=50&searchRadius=75&listingId=324299721&listingIndex=13&Log=0,Y
Accord,1999,138162,4500,2149.783026,Shoreline, 36.27 , 167.73 , 0.36 , 0.49 , 0.47 , 2.09 ,1HGCG165XXA059046,,,http://www.autotrader.com/cars-for-sale/vehicledetails.xhtml?zip=98125&endYear=2014&listingType=used&listingTypes=used&sellerTypes=b&maxPrice=5000&mmt=%5BHONDA%5BACCORD%5B%5DCIVIC%5B%5D%5D%5B%5D%5D&modelCode1=ACCORD&sortBy=mileageASC&makeCode2=HONDA&modelCode2=CIVIC&showcaseOwnerId=575701&startYear=1981&makeCode1=HONDA&numRecords=50&searchRadius=75&minPrice=4000&listingId=334322968&listingIndex=2&Log=0,Y
Accord,1996,134431,1800,2116.133382,Issaquah, 48.50 , 160.55 , 0.48 , 0.47 , 0.47 , 0.85 ,,,Called. Left a message for David. Looks like it sold,http://seattle.craigslist.org/est/cto/3507787736.html,Y
Elantra,2006,151559,5000,2081.609384,Shoreline, 12.29 , 194.50 , 0.12 , 0.57 , 0.48 , 2.40 ,KMHDN46DXU374018,TT,,http://seattle.craigslist.org/see/ctd/3502421177.html,
Sonata,2006,151559,5000,2081.609384,Shoreline, 12.29 , 194.50 , 0.12 , 0.57 , 0.48 , 2.40 ,KMHDN46DX6U374018,UU,,http://www.autotrader.com/cars-for-sale/vehicledetails.xhtml?zip=98125&endYear=2014&listingType=used&listingTypes=used&sellerTypes=b&maxPrice=5000&mmt=%5BHYUND%5BELANTR%5B%5DELANTOUR%5B%5DSONATA%5B%5D%5D%5B%5D%5D&modelCode1=ELANTR&sortBy=mileageASC&makeCode2=HYUND&modelCode2=ELANTOUR&showcaseOwnerId=100019686&startYear=1981&makeCode1=HYUND&modelCode3=SONATA&numRecords=50&searchRadius=75&makeCode3=HYUND&minPrice=4000&listingId=334307022&listingIndex=3&Log=0,
Camry,1998,140000,4300,2077.16075,Tacoma, 40.23 , 171.32 , 0.40 , 0.50 , 0.48 , 2.07 ,,,,http://seattle.craigslist.org/tac/cto/3505209075.html,Y
Corolla,1998,140164,3500,2073.916367,Shoreline, 40.23 , 171.64 , 0.40 , 0.50 , 0.48 , 1.69 ,1NXBR12E0WZ030576,X,,http://www.autotrader.com/cars-for-sale/vehicledetails.xhtml?endYear=2014&zip=98125&listingType=used&listingTypes=used&sellerTypes=b&maxPrice=4000&mmt=%5BTOYOTA%5BCOROL%5B%5D%5D%5B%5D%5D&modelCode1=COROL&sortBy=mileageASC&makeCode1=TOYOTA&startYear=1981&showcaseOwnerId=599690&searchRadius=75&listingId=335279934&listingIndex=2&Log=0,
Camry,1996,138000,3500,2046.342549,Kirkland, 48.50 , 167.42 , 0.48 , 0.49 , 0.49 , 1.71 ,,,,http://seattle.craigslist.org/est/cto/3504671036.html,Y
Civic,2000,145000,3550,2044.383344,, 32.42 , 181.21 , 0.32 , 0.53 , 0.49 , 1.74 ,,,manual,http://seattle.craigslist.org/kit/cto/3506961272.html,Y
Camry,1997,140081,4995,2041.295112,Seattle, 44.31 , 171.48 , 0.44 , 0.50 , 0.49 , 2.45 ,4T1BG22K1VU106077,,,http://www.autotrader.com/cars-for-sale/vehicledetails.xhtml?endYear=2014&zip=98125&listingType=used&listingTypes=used&sellerTypes=b&maxPrice=5000&showcaseListingId=335752400&mmt=%5BTOYOTA%5BCAMRY%5B%5D%5D%5B%5D%5D&modelCode1=CAMRY&sortBy=mileageASC&showcaseOwnerId=599690&makeCode1=TOYOTA&startYear=1981&numRecords=50&searchRadius=75&listingId=337103049&listingIndex=2&Log=0,Y
Elantra,2003,149821,3990,2038.043891,Olympia, 21.67 , 190.95 , 0.21 , 0.56 , 0.49 , 1.96 ,KMHDN45D73U697701,II,,http://www.autotrader.com/cars-for-sale/vehicledetails.xhtml?zip=98125&endYear=2014&listingType=used&listingTypes=used&sellerTypes=b&maxPrice=4000&mmt=%5BHYUND%5BELANTR%5B%5DELANTOUR%5B%5DSONATA%5B%5D%5D%5B%5D%5D&modelCode1=ELANTR&sortBy=mileageASC&makeCode2=HYUND&modelCode2=ELANTOUR&showcaseOwnerId=100019686&startYear=1981&makeCode1=HYUND&modelCode3=SONATA&makeCode3=HYUND&searchRadius=75&listingId=333660346&listingIndex=3&Log=0,
Accord,1997,140685,2488,2029.787651,Marysville, 44.31 , 172.66 , 0.44 , 0.51 , 0.49 , 1.23 ,1HGCE6675VA016493,,"Needs work (""mechanic's special"")",http://www.autotrader.com/cars-for-sale/vehicledetails.xhtml?zip=98125&endYear=2014&listingType=used&listingTypes=used&sellerTypes=b&maxPrice=4000&mmt=%5BHONDA%5BCIVIC%5B%5DACCORD%5B%5D%5D%5B%5D%5D&modelCode1=CIVIC&makeCode2=HONDA&modelCode2=ACCORD&sortBy=mileageASC&showcaseOwnerId=575701&makeCode1=HONDA&startYear=1981&searchRadius=75&listingId=327216969&listingIndex=15&Log=0,Y
Camry,1998,142748,4990,2023.817939,Edmonds, 40.23 , 176.73 , 0.40 , 0.52 , 0.49 , 2.47 ,,,,http://www.autotrader.com/cars-for-sale/vehicledetails.xhtml?endYear=2014&zip=98125&listingType=used&listingTypes=used&sellerTypes=b&maxPrice=5000&showcaseListingId=335752400&mmt=%5BTOYOTA%5BCAMRY%5B%5D%5D%5B%5D%5D&modelCode1=CAMRY&sortBy=mileageASC&showcaseOwnerId=599690&makeCode1=TOYOTA&startYear=1981&numRecords=50&searchRadius=75&listingId=330353810&listingIndex=3&Log=0,Y
Elantra,2005,153361,4995,2020.325922,Edmonds, 15.25 , 198.22 , 0.15 , 0.58 , 0.49 , 2.47 ,KMHDN46D65U037327,WW,,http://www.autotrader.com/cars-for-sale/vehicledetails.xhtml?zip=98125&endYear=2014&listingType=used&listingTypes=used&sellerTypes=b&maxPrice=5000&mmt=%5BHYUND%5BELANTR%5B%5DELANTOUR%5B%5DSONATA%5B%5D%5D%5B%5D%5D&modelCode1=ELANTR&sortBy=mileageASC&makeCode2=HYUND&modelCode2=ELANTOUR&showcaseOwnerId=100019686&startYear=1981&makeCode1=HYUND&modelCode3=SONATA&numRecords=50&searchRadius=75&makeCode3=HYUND&minPrice=4000&listingId=334858200&listingIndex=4&Log=0,
Corolla,1998,143000,2600,2019.032908,Bellevue, 40.23 , 177.23 , 0.40 , 0.52 , 0.50 , 1.29 ,,,manual,http://seattle.craigslist.org/est/cto/3497697135.html,Y
Sonata,2002,149365,2250,2018.912135,Stanwood, 25.12 , 190.02 , 0.25 , 0.56 , 0.50 , 1.11 ,KMHWF25S42A607638,,Some damage to side door,http://www.autotrader.com/cars-for-sale/vehicledetails.xhtml?zip=98125&endYear=2014&listingType=used&listingTypes=used&sellerTypes=b&maxPrice=4000&mmt=%5BHYUND%5BELANTR%5B%5DELANTOUR%5B%5DSONATA%5B%5D%5D%5B%5D%5D&modelCode1=ELANTR&sortBy=mileageASC&makeCode2=HYUND&modelCode2=ELANTOUR&showcaseOwnerId=100019686&startYear=1981&makeCode1=HYUND&modelCode3=SONATA&makeCode3=HYUND&searchRadius=75&listingId=322951856&listingIndex=14&Log=0,Y
Elantra,2001,148265,3991,2011.323409,Shoreline, 28.70 , 187.79 , 0.28 , 0.55 , 0.50 , 1.98 ,KMHDN45D11U147648,JJ,,http://www.autotrader.com/cars-for-sale/vehicledetails.xhtml?zip=98125&endYear=2014&listingType=used&listingTypes=used&sellerTypes=b&maxPrice=4000&mmt=%5BHYUND%5BELANTR%5B%5DELANTOUR%5B%5DSONATA%5B%5D%5D%5B%5D%5D&modelCode1=ELANTR&sortBy=mileageASC&makeCode2=HYUND&modelCode2=ELANTOUR&showcaseOwnerId=100019686&startYear=1981&makeCode1=HYUND&modelCode3=SONATA&makeCode3=HYUND&searchRadius=75&listingId=332706346&listingIndex=13&Log=0,
Civic,1993,134533,4995,2003.340661,Lynnwood, 61.70 , 160.74 , 0.61 , 0.47 , 0.50 , 2.49 ,JHMEG8647PS058081,,,http://www.autotrader.com/cars-for-sale/vehicledetails.xhtml?zip=98125&endYear=2014&listingType=used&listingTypes=used&sellerTypes=b&maxPrice=5000&mmt=%5BHONDA%5BACCORD%5B%5DCIVIC%5B%5D%5D%5B%5D%5D&modelCode1=ACCORD&sortBy=mileageASC&makeCode2=HONDA&modelCode2=CIVIC&showcaseOwnerId=575701&startYear=1981&makeCode1=HONDA&numRecords=50&searchRadius=75&minPrice=4000&listingId=336120863&listingIndex=12&Log=0,Y
Civic,1996,143000,3000,1954.350839,Olympia, 48.50 , 177.23 , 0.48 , 0.52 , 0.51 , 1.54 ,,O,Check on manual?,http://seattle.craigslist.org/oly/cto/3504249066.html,
Camry,2000,150000,4500,1949.971112,Renton, 32.42 , 191.31 , 0.32 , 0.56 , 0.51 , 2.31 ,,,,http://seattle.craigslist.org/skc/cto/3491044172.html,Y
Camry,1991,136000,2500,1907.829239,Shoreline, 70.98 , 163.55 , 0.70 , 0.48 , 0.52 , 1.31 ,,,,http://seattle.craigslist.org/see/cto/3502002867.html,Y
Civic,1998,150000,3300,1892.837117,Seattle, 40.23 , 191.31 , 0.40 , 0.56 , 0.53 , 1.74 ,,,2-door coupe,http://seattle.craigslist.org/see/cto/3490397222.html,Y
Camry,1994,144000,2100,1874.159544,Kent, 57.20 , 179.22 , 0.57 , 0.53 , 0.53 , 1.12 ,,,,http://seattle.craigslist.org/see/cto/3506636661.html,Y
Civic,2001,156000,4200,1870.878106,Monroe, 28.70 , 203.70 , 0.28 , 0.60 , 0.53 , 2.24 ,,PP,,http://seattle.craigslist.org/see/cto/3488330208.html,
Camry,1997,150000,3000,1864.300373,Seattle, 44.31 , 191.31 , 0.44 , 0.56 , 0.54 , 1.61 ,,,,http://seattle.craigslist.org/see/cto/3480639662.html,Y
Camry,1999,153408,3950,1862.663539,Tacoma, 36.27 , 198.32 , 0.36 , 0.58 , 0.54 , 2.12 ,JT2BF28K1X0204172,,,http://www.autotrader.com/cars-for-sale/vehicledetails.xhtml?endYear=2014&zip=98125&listingType=used&listingTypes=used&sellerTypes=b&maxPrice=5000&showcaseListingId=335752400&mmt=%5BTOYOTA%5BCAMRY%5B%5D%5D%5B%5D%5D&modelCode1=CAMRY&sortBy=mileageASC&showcaseOwnerId=599690&makeCode1=TOYOTA&startYear=1981&numRecords=50&searchRadius=75&listingId=335111436&listingIndex=44&Log=0,Y
Camry,1995,146725,3999,1859.950713,Mt. Vernon, 52.80 , 184.67 , 0.52 , 0.54 , 0.54 , 2.15 ,4T1GK12C3SU089009,,,http://www.autotrader.com/cars-for-sale/vehicledetails.xhtml?endYear=2014&zip=98125&listingType=used&listingTypes=used&sellerTypes=b&maxPrice=5000&showcaseListingId=335752400&mmt=%5BTOYOTA%5BCAMRY%5B%5D%5D%5B%5D%5D&modelCode1=CAMRY&sortBy=mileageASC&showcaseOwnerId=599690&makeCode1=TOYOTA&startYear=1981&numRecords=50&searchRadius=75&listingId=320943938&listingIndex=14&Log=0,Y
Camry,1994,145029,3981,1857.399643,Tacoma, 57.20 , 181.27 , 0.57 , 0.53 , 0.54 , 2.14 ,4T1SK12E1RU371607,,,http://www.autotrader.com/cars-for-sale/vehicledetails.xhtml?endYear=2014&zip=98125&listingType=used&listingTypes=used&sellerTypes=b&maxPrice=5000&showcaseListingId=335752400&mmt=%5BTOYOTA%5BCAMRY%5B%5D%5D%5B%5D%5D&modelCode1=CAMRY&sortBy=mileageASC&showcaseOwnerId=599690&makeCode1=TOYOTA&startYear=1981&numRecords=50&searchRadius=75&listingId=337055343&listingIndex=4&Log=0,Y
Accord,1996,149187,4250,1849.057399,Shoreline, 48.50 , 189.66 , 0.48 , 0.56 , 0.54 , 2.30 ,1HGCD5534TA287263,SS,,http://www.autotrader.com/cars-for-sale/vehicledetails.xhtml?zip=98125&endYear=2014&listingType=used&listingTypes=used&sellerTypes=b&maxPrice=5000&mmt=%5BHONDA%5BACCORD%5B%5DCIVIC%5B%5D%5D%5B%5D%5D&modelCode1=ACCORD&sortBy=mileageASC&makeCode2=HONDA&modelCode2=CIVIC&showcaseOwnerId=575701&startYear=1981&makeCode1=HONDA&numRecords=50&searchRadius=75&minPrice=4000&listingId=333124319&listingIndex=3&Log=0,
Elantra,2001,159958,3590,1804.910405,Burien, 28.70 , 212.04 , 0.28 , 0.62 , 0.55 , 1.99 ,KMHDN45D81U176631,KK,,http://www.autotrader.com/cars-for-sale/vehicledetails.xhtml?zip=98125&endYear=2014&listingType=used&listingTypes=used&sellerTypes=b&maxPrice=4000&mmt=%5BHYUND%5BELANTR%5B%5DELANTOUR%5B%5DSONATA%5B%5D%5D%5B%5D%5D&modelCode1=ELANTR&sortBy=mileageASC&makeCode2=HYUND&modelCode2=ELANTOUR&showcaseOwnerId=100019686&startYear=1981&makeCode1=HYUND&modelCode3=SONATA&makeCode3=HYUND&searchRadius=75&listingId=324699700&listingIndex=15&Log=0,
Sonata,1999,157909,3000,1789.276643,Shoreline, 36.27 , 207.71 , 0.36 , 0.61 , 0.56 , 1.68 ,KMHWF25V1XA102402,,,http://www.autotrader.com/cars-for-sale/vehicledetails.xhtml?zip=98125&endYear=2014&listingType=used&listingTypes=used&sellerTypes=b&maxPrice=4000&mmt=%5BHYUND%5BELANTR%5B%5DELANTOUR%5B%5DSONATA%5B%5D%5D%5B%5D%5D&modelCode1=ELANTR&sortBy=mileageASC&makeCode2=HYUND&modelCode2=ELANTOUR&showcaseOwnerId=100019686&startYear=1981&makeCode1=HYUND&modelCode3=SONATA&makeCode3=HYUND&searchRadius=75&listingId=330504313&listingIndex=4&Log=0,Y
Corolla,1996,153156,3999,1786.048593,Tacoma, 48.50 , 197.79 , 0.48 , 0.58 , 0.56 , 2.24 ,,,,http://seattle.craigslist.org/sno/ctd/3507947961.html,Y
Accord,1997,155091,2988,1782.531407,Marysville, 44.31 , 201.81 , 0.44 , 0.59 , 0.56 , 1.68 ,1HGCE1822VA010106,W,Wagon,http://www.autotrader.com/cars-for-sale/vehicledetails.xhtml?zip=98125&endYear=2014&listingType=used&listingTypes=used&sellerTypes=b&maxPrice=4000&mmt=%5BHONDA%5BCIVIC%5B%5DACCORD%5B%5D%5D%5B%5D%5D&modelCode1=CIVIC&makeCode2=HONDA&modelCode2=ACCORD&sortBy=mileageASC&showcaseOwnerId=575701&makeCode1=HONDA&startYear=1981&searchRadius=75&listingId=335659685&listingIndex=19&Log=0,
Accord,1997,155703,4000,1773.078192,Shoreline, 44.31 , 203.08 , 0.44 , 0.60 , 0.56 , 2.26 ,1HGCD5534VA180233,QQ,,http://www.autotrader.com/cars-for-sale/vehicledetails.xhtml?zip=98125&endYear=2014&listingType=used&listingTypes=used&sellerTypes=b&maxPrice=4000&mmt=%5BHONDA%5BCIVIC%5B%5DACCORD%5B%5D%5D%5B%5D%5D&modelCode1=CIVIC&makeCode2=HONDA&modelCode2=ACCORD&sortBy=mileageASC&showcaseOwnerId=575701&makeCode1=HONDA&startYear=1981&searchRadius=75&listingId=335526555&listingIndex=3&Log=0,
Camry,1991,146213,2400,1750.517121,Bellevue, 70.98 , 183.64 , 0.70 , 0.54 , 0.57 , 1.37 ,,,,http://seattle.craigslist.org/est/cto/3504580333.html,Y
Civic,1996,157000,3500,1728.135157,Seattle, 48.50 , 205.80 , 0.48 , 0.60 , 0.58 , 2.03 ,,MM,,http://seattle.craigslist.org/see/cto/3465881419.html,
Camry,1999,163000,3700,1711.600562,Lynnwood, 36.27 , 218.52 , 0.36 , 0.64 , 0.58 , 2.16 ,,,2-door coupe,http://seattle.craigslist.org/sno/cto/3507633945.html,Y
Camry,1997,161000,4100,1694.419836,Auburn, 44.31 , 214.25 , 0.44 , 0.63 , 0.59 , 2.42 ,,,,http://seattle.craigslist.org/skc/cto/3480281307.html,Y
Corolla,1996,159947,3500,1685.682619,Shoreline, 48.50 , 212.01 , 0.48 , 0.62 , 0.59 , 2.08 ,1NXBA02E6TZ435676,,,http://www.autotrader.com/cars-for-sale/vehicledetails.xhtml?endYear=2014&zip=98125&listingType=used&listingTypes=used&sellerTypes=b&maxPrice=4000&mmt=%5BTOYOTA%5BCOROL%5B%5D%5D%5B%5D%5D&modelCode1=COROL&sortBy=mileageASC&makeCode1=TOYOTA&startYear=1981&showcaseOwnerId=599690&searchRadius=75&listingId=335099222&listingIndex=3&Log=0,Y
Accord,1999,168000,3350,1640.351098,Burien, 36.27 , 229.35 , 0.36 , 0.67 , 0.61 , 2.04 ,,,,http://seattle.craigslist.org/tac/cto/3507011169.html,Y
Accord,1985,143970,1750,1612.743568,Shoreline, 100.90 , 179.16 , 1.00 , 0.53 , 0.62 , 1.09 ,JHMAD5436FC038011,,1985 model. Very old,http://www.autotrader.com/cars-for-sale/vehicledetails.xhtml?zip=98125&endYear=2014&listingType=used&listingTypes=used&sellerTypes=b&maxPrice=4000&mmt=%5BHONDA%5BCIVIC%5B%5DACCORD%5B%5D%5D%5B%5D%5D&modelCode1=CIVIC&makeCode2=HONDA&modelCode2=ACCORD&sortBy=mileageASC&showcaseOwnerId=575701&makeCode1=HONDA&startYear=1981&searchRadius=75&listingId=335184721&listingIndex=2&Log=0,Y
Corolla,1998,169000,2500,1606.129251,Seattle, 40.23 , 231.54 , 0.40 , 0.68 , 0.62 , 1.56 ,,R,,http://seattle.craigslist.org/see/cto/3507077577.html,
Elantra,2004,178229,3577,1593.614254,Chehalis, 18.38 , 252.10 , 0.18 , 0.74 , 0.63 , 2.24 ,KMHDN46D94U776397,OO,,http://www.autotrader.com/cars-for-sale/vehicledetails.xhtml?zip=98125&endYear=2014&listingType=used&listingTypes=used&sellerTypes=b&maxPrice=4000&mmt=%5BHYUND%5BELANTR%5B%5DELANTOUR%5B%5DSONATA%5B%5D%5D%5B%5D%5D&modelCode1=ELANTR&sortBy=mileageASC&makeCode2=HYUND&modelCode2=ELANTOUR&showcaseOwnerId=100019686&startYear=1981&makeCode1=HYUND&modelCode3=SONATA&makeCode3=HYUND&searchRadius=75&listingId=336515994&listingIndex=5&Log=0,
Accord,1999,172000,4395,1586.654873,Bellevue, 36.27 , 238.15 , 0.36 , 0.70 , 0.63 , 2.77 ,,,,http://seattle.craigslist.org/est/cto/3505305043.html,Y
Accord,1994,164328,2987,1581.204494,Kirkland, 57.20 , 221.38 , 0.57 , 0.65 , 0.63 , 1.89 ,1HGCD5628RA186077,EE,,http://www.autotrader.com/cars-for-sale/vehicledetails.xhtml?zip=98125&endYear=2014&listingType=used&listingTypes=used&sellerTypes=b&maxPrice=4000&mmt=%5BHONDA%5BCIVIC%5B%5DACCORD%5B%5D%5D%5B%5D%5D&modelCode1=CIVIC&makeCode2=HONDA&modelCode2=ACCORD&sortBy=mileageASC&showcaseOwnerId=575701&makeCode1=HONDA&startYear=1981&searchRadius=75&listingId=337117946&listingIndex=22&Log=0,
Corolla,2000,174000,3600,1579.627246,Seattle, 32.42 , 242.59 , 0.32 , 0.71 , 0.63 , 2.28 ,,RR,,http://seattle.craigslist.org/see/cto/3490651811.html,
Corolla,1998,173000,1800,1554.439191,Everett, 40.23 , 240.37 , 0.40 , 0.70 , 0.64 , 1.16 ,,,Only In spanish,http://seattle.craigslist.org/sno/cto/3507939558.html,Y
Elantra,2002,179000,3000,1550.485158,, 25.12 , 253.84 , 0.25 , 0.74 , 0.64 , 1.93 ,,HH,,http://seattle.craigslist.org/skc/cto/3504218278.html,
Corolla,1997,173177,2500,1532.970076,Chehalis, 44.31 , 240.76 , 0.44 , 0.71 , 0.65 , 1.63 ,1NXBB02E2VZ540425,V,,http://www.autotrader.com/cars-for-sale/vehicledetails.xhtml?endYear=2014&zip=98125&listingType=used&listingTypes=used&sellerTypes=b&maxPrice=4000&mmt=%5BTOYOTA%5BCOROL%5B%5D%5D%5B%5D%5D&modelCode1=COROL&sortBy=mileageASC&makeCode1=TOYOTA&startYear=1981&showcaseOwnerId=599690&searchRadius=75&listingId=336987430&listingIndex=4&Log=0,
Civic,2001,180000,4300,1521.154831,Bellevue, 28.70 , 256.12 , 0.28 , 0.75 , 0.66 , 2.83 ,,ZZ,,http://seattle.craigslist.org/est/cto/3504592323.html,
Corolla,1998,176029,3650,1517.014529,Shoreline, 40.23 , 247.14 , 0.40 , 0.72 , 0.66 , 2.41 ,1NXBR18E0WZ093491,VV,,http://www.autotrader.com/cars-for-sale/vehicledetails.xhtml?endYear=2014&zip=98125&listingType=used&listingTypes=used&sellerTypes=b&maxPrice=4000&mmt=%5BTOYOTA%5BCOROL%5B%5D%5D%5B%5D%5D&modelCode1=COROL&sortBy=mileageASC&makeCode1=TOYOTA&startYear=1981&showcaseOwnerId=599690&searchRadius=75&listingId=333269109&listingIndex=5&Log=0,
Camry,1993,170000,3000,1491.85822,Tacoma, 61.70 , 233.73 , 0.61 , 0.69 , 0.67 , 2.01 ,,,,http://seattle.craigslist.org/tac/cto/3504876829.html,Y
Accord,1999,180000,4000,1487.240363,Kirkland, 36.27 , 256.12 , 0.36 , 0.75 , 0.67 , 2.69 ,,,,http://seattle.craigslist.org/est/cto/3489733316.html,Y
Accord,1990,165550,2000,1480.618655,Shoreline, 75.75 , 224.02 , 0.75 , 0.66 , 0.68 , 1.35 ,1HGCB7663LA010100,,,http://www.autotrader.com/cars-for-sale/vehicledetails.xhtml?zip=98125&endYear=2014&listingType=used&listingTypes=used&sellerTypes=b&maxPrice=4000&mmt=%5BHONDA%5BCIVIC%5B%5DACCORD%5B%5D%5D%5B%5D%5D&modelCode1=CIVIC&makeCode2=HONDA&modelCode2=ACCORD&sortBy=mileageASC&showcaseOwnerId=575701&makeCode1=HONDA&startYear=1981&searchRadius=75&listingId=330036034&listingIndex=23&Log=0,Y
Camry,1992,170000,1850,1471.866637,Lynnwood, 66.29 , 233.73 , 0.66 , 0.69 , 0.68 , 1.26 ,,,,http://seattle.craigslist.org/sno/cto/3478406398.html,Y
Corolla,2003,187147,5000,1466.143356,Shoreline, 21.67 , 272.58 , 0.21 , 0.80 , 0.68 , 3.41 ,1NXBR32E33Z104340,BC,,http://seattle.craigslist.org/see/ctd/3501915983.html,
Civic,1997,179000,4500,1464.122408,Marysville, 44.31 , 253.84 , 0.44 , 0.74 , 0.68 , 3.07 ,,AB,,http://seattle.craigslist.org/sno/cto/3507956988.html,
Accord,1996,177744,2788,1460.620255,Bellingham, 48.50 , 251.00 , 0.48 , 0.74 , 0.68 , 1.91 ,1HGCE6678TA018767,GG,,http://www.autotrader.com/cars-for-sale/vehicledetails.xhtml?zip=98125&endYear=2014&listingType=used&listingTypes=used&sellerTypes=b&maxPrice=4000&mmt=%5BHONDA%5BCIVIC%5B%5DACCORD%5B%5D%5D%5B%5D%5D&modelCode1=CIVIC&makeCode2=HONDA&modelCode2=ACCORD&sortBy=mileageASC&showcaseOwnerId=575701&makeCode1=HONDA&startYear=1981&searchRadius=75&listingId=336664367&listingIndex=4&Log=0,
Corolla,2000,185000,2500,1445.763085,Tacoma, 32.42 , 267.59 , 0.32 , 0.78 , 0.69 , 1.73 ,,Z,Check on manual?,http://seattle.craigslist.org/tac/cto/3507388161.html,
Accord,1995,178428,3995,1435.16464,Woodinville, 52.80 , 252.55 , 0.52 , 0.74 , 0.70 , 2.78 ,JHMCD5634SC026620,YY,,http://www.autotrader.com/cars-for-sale/vehicledetails.xhtml?zip=98125&endYear=2014&listingType=used&listingTypes=used&sellerTypes=b&maxPrice=4000&mmt=%5BHONDA%5BCIVIC%5B%5DACCORD%5B%5D%5D%5B%5D%5D&modelCode1=CIVIC&makeCode2=HONDA&modelCode2=ACCORD&sortBy=mileageASC&showcaseOwnerId=575701&makeCode1=HONDA&startYear=1981&searchRadius=75&listingId=334826651&listingIndex=5&Log=0,
Corolla,1994,178000,2250,1422.006056,Snohomish, 57.20 , 251.58 , 0.57 , 0.74 , 0.70 , 1.58 ,,,manual,http://seattle.craigslist.org/sno/ctd/3459777065.html,Y
Camry,1995,185000,1600,1366.001404,Bremerton, 52.80 , 267.59 , 0.52 , 0.78 , 0.73 , 1.17 ,,,,http://seattle.craigslist.org/kit/cto/3508098709.html,Y
Civic,1997,189447,3500,1352.180138,Shoreline, 44.31 , 277.96 , 0.44 , 0.81 , 0.74 , 2.59 ,1HGEJ6122VL013619,,2-door coupe,http://www.autotrader.com/cars-for-sale/vehicledetails.xhtml?zip=98125&endYear=2014&listingType=used&listingTypes=used&sellerTypes=b&maxPrice=4000&mmt=%5BHONDA%5BCIVIC%5B%5DACCORD%5B%5D%5D%5B%5D%5D&modelCode1=CIVIC&makeCode2=HONDA&modelCode2=ACCORD&sortBy=mileageASC&showcaseOwnerId=575701&makeCode1=HONDA&startYear=1981&searchRadius=75&listingId=336010124&listingIndex=6&Log=0,Y
Elantra,2001,215344,3211,1167.004771,Yelm (s of Fort Lewis), 28.70 , 341.20 , 0.28 , 1.00 , 0.86 , 2.75 ,KMHDN45D41U203615,XX,,http://www.autotrader.com/cars-for-sale/vehicledetails.xhtml?zip=98125&endYear=2014&listingType=used&listingTypes=used&sellerTypes=b&maxPrice=4000&mmt=%5BHYUND%5BELANTR%5B%5DELANTOUR%5B%5DSONATA%5B%5D%5D%5B%5D%5D&modelCode1=ELANTR&sortBy=mileageASC&makeCode2=HYUND&modelCode2=ELANTOUR&showcaseOwnerId=100019686&startYear=1981&makeCode1=HYUND&modelCode3=SONATA&makeCode3=HYUND&searchRadius=75&listingId=331836922&listingIndex=9&Log=0,
